Workbook

Sheet 1
A1: 工事費内訳 | E1: 1
A3: 名称 | B3: 数量 | C3: 単位 | D3: 金額 | E3: 備考
A4: 直接工事費
A5: 建築工事 | B5: 1 | C5: 式
A6: 計
A7: 共通費
A8: 共通仮設費 | B8: 1 | C8: 式
A9: 現場管理費 | B9: 1 | C9: 式
A10: 一般管理費等 | B10: 1 | C10: 式
A11: 計
A12: 工事価格 | B12: 1 | C12: 式
A13: 消費税等相当額 | B13: 1 | C13: 式 | E13: 消費税率 10 ％
A14: 工事費 | B14: 1 | C14: 式
B15: 京都府警察本部総務部会計課

Sheet 2
A1: 工事種別内訳 | E1: 2
A3: 名称 | B3: 数量 | C3: 単位 | D3: 金額 | E3: 備考
A4: 建築工事 | B4: 1 | C4: 式
A5: 電気設備工事 | B5: 1 | C5: 式
A6: 機械設備工事 | B6: 1 | C6: 式
A7: 環境配慮工事 | B7: 1 | C7: 式
A8: 発生材処分 | B8: 1 | C8: 式
A9: 計
B10: 京都府警察本部総務部会計課

Sheet 3
A1: 建築工事 種目別内訳 | E1: 3
A3: 名称 | B3: 数量 | C3: 単位 | D3: 金額 | E3: 備考
A4: 建物撤去工事 | B4: 1 | C4: 式
A5: 計

Sheet 4
A1: 電気設備工事 種目別内訳 | E1: 4
A3: 名称 | B3: 数量 | C3: 単位 | D3: 金額 | E3: 備考
A4: 待機宿舎 | B4: 1 | C4: 式
A5: 電気室・ﾎﾟﾝﾌﾟ室 | B5: 1 | C5: 式
A6: 浄化槽・機械室 | B6: 1 | C6: 式
A7: 屋外 | B7: 1 | C7: 式
A8: 計

Sheet 5
A1: 機械設備工事 種目別内訳 | E1: 5
A3: 名称 | B3: 数量 | C3: 単位 | D3: 金額 | E3: 備考
A4: 屋外 | B4: 1 | C4: 式
A5: 宿舎 | B5: 1 | C5: 式
A6: 計

Sheet 6
A1: 環境配慮工事 種目別内訳 | E1: 6
A3: 名称 | B3: 数量 | C3: 単位 | D3: 金額 | E3: 備考
A4: 環境配慮解体 | B4: 1 | C4: 式
A5: 計

Sheet 7
A1: 発生材処分 種目別内訳 | E1: 7
A3: 名称 | B3: 数量 | C3: 単位 | D3: 金額 | E3: 備考
A4: 発生材処理 | B4: 1 | C4: 式
A5: 計
B6: 京都府警察本部総務部会計課

Sheet 8
A1: 建築工事 科目別内訳 | E1: 8
A2: 建物撤去工事
A3: 名称 | B3: 数量 | C3: 単位 | D3: 金額 | E3: 備考
A4: 直接仮設 | B4: 1 | C4: 式
A5: とりこわし（宿舎棟） | B5: 1 | C5: 式
A6: とりこわし（電気・ポンプ室棟） | B6: 1 | C6: 式
A7: とりこわし（浄化槽・機械室棟） | B7: 1 | C7: 式
A8: とりこわし（外構） | B8: 1 | C8: 式
A9: 外構整備 | B9: 1 | C9: 式
A10: 計

Sheet 9
A1: 電気設備工事 科目別内訳 | E1: 9
A2: 待機宿舎
A3: 名称 | B3: 数量 | C3: 単位 | D3: 金額 | E3: 備考
A4: 幹線設備 | B4: 1 | C4: 式
A5: 電灯設備 | B5: 1 | C5: 式
A6: 構内交換設備 | B6: 1 | C6: 式
A7: テレビ共同受信設備 | B7: 1 | C7: 式
A8: 火災報知設備 | B8: 1 | C8: 式
A9: 計

Sheet 10
A1: 電気設備工事 科目別内訳 | E1: 10
A2: 電気室・ﾎﾟﾝﾌﾟ室
A3: 名称 | B3: 数量 | C3: 単位 | D3: 金額 | E3: 備考
A4: 幹線・電灯設備 | B4: 1 | C4: 式
A5: 計

Sheet 11
A1: 電気設備工事 科目別内訳 | E1: 11
A2: 浄化槽・機械室
A3: 名称 | B3: 数量 | C3: 単位 | D3: 金額 | E3: 備考
A4: 幹線・電灯設備 | B4: 1 | C4: 式
A5: 計

Sheet 12
A1: 電気設備工事 科目別内訳 | E1: 12
A2: 屋外
A3: 名称 | B3: 数量 | C3: 単位 | D3: 金額 | E3: 備考
A4: 幹線設備 | B4: 1 | C4: 式
A5: 計

Sheet 13
A1: 機械設備工事 科目別内訳 | E1: 13
A2: 屋外
A3: 名称 | B3: 数量 | C3: 単位 | D3: 金額 | E3: 備考
A4: 撤去工事 | B4: 1 | C4: 式
A5: 計

Sheet 14
A1: 機械設備工事 科目別内訳 | E1: 14
A2: 宿舎
A3: 名称 | B3: 数量 | C3: 単位 | D3: 金額 | E3: 備考
A4: 撤去工事 | B4: 1 | C4: 式
A5: 計

Sheet 15
A1: 環境配慮工事 科目別内訳 | E1: 15
A2: 環境配慮解体
A3: 名称 | B3: 数量 | C3: 単位 | D3: 金額 | E3: 備考
A4: 環境配慮改修 | B4: 1 | C4: 式
A5: 計

Sheet 16
A1: 発生材処分 科目別内訳 | E1: 16
A2: 発生材処理
A3: 名称 | B3: 数量 | C3: 単位 | D3: 金額 | E3: 備考
A4: 発生材処理 | B4: 1 | C4: 式
A5: 計
B6: 京都府警察本部総務部会計課

Sheet 17
A1: 建築工事 中科目別内訳 | F1: 17
A2: 建物撤去工事
A3: 科目名称 | B3: 中科目名称 | C3: 数量 | D3: 単位 | E3: 金額 | F3: 備考
A4: 直接仮設 | C4: 1 | D4: 式
A5: 計
A6: とりこわし（宿舎棟） | C6: 1 | D6: 式
A7: 計
A8: とりこわし（電気・ポンプ室棟） | C8: 1 | D8: 式
A9: 計
A10: とりこわし（浄化槽・機械室棟） | C10: 1 | D10: 式
A11: 計
A12: とりこわし（外構） | C12: 1 | D12: 式
A13: 計
A14: 外構整備 | B14: 改修 | D14: 式
A15: 計

Sheet 18
A1: 電気設備工事 中科目別内訳 | F1: 18
A2: 待機宿舎
A3: 科目名称 | B3: 中科目名称 | C3: 数量 | D3: 単位 | E3: 金額 | F3: 備考
A4: 幹線設備 | B4: 電灯・動力幹線 | D4: 式
A5: 計
A6: 電灯設備 | C6: 1 | D6: 式
A7: 計
A8: 構内交換設備 | C8: 1 | D8: 式
A9: 計
A10: テレビ共同受信設備 | C10: 1 | D10: 式
A11: 計
A12: 火災報知設備 | B12: 非常警報 | D12: 式
A13: 計

Sheet 19
A1: 電気設備工事 中科目別内訳 | F1: 19
A2: 電気室・ﾎﾟﾝﾌﾟ室
A3: 科目名称 | B3: 中科目名称 | C3: 数量 | D3: 単位 | E3: 金額 | F3: 備考
A4: 幹線・電灯設備 | C4: 1 | D4: 式
A5: 計

Sheet 20
A1: 電気設備工事 中科目別内訳 | F1: 20
A2: 浄化槽・機械室
A3: 科目名称 | B3: 中科目名称 | C3: 数量 | D3: 単位 | E3: 金額 | F3: 備考
A4: 幹線・電灯設備 | C4: 1 | D4: 式
A5: 計

Sheet 21
A1: 電気設備工事 中科目別内訳 | F1: 21
A2: 屋外
A3: 科目名称 | B3: 中科目名称 | C3: 数量 | D3: 単位 | E3: 金額 | F3: 備考
A4: 幹線設備 | B4: 電灯・動力幹線 | D4: 式
A5: 計

Sheet 22
A1: 機械設備工事 中科目別内訳 | F1: 22
A2: 屋外
A3: 科目名称 | B3: 中科目名称 | C3: 数量 | D3: 単位 | E3: 金額 | F3: 備考
A4: 撤去工事 | B4: 撤去工事 | D4: 式
A5: 計

Sheet 23
A1: 機械設備工事 中科目別内訳 | F1: 23
A2: 宿舎
A3: 科目名称 | B3: 中科目名称 | C3: 数量 | D3: 単位 | E3: 金額 | F3: 備考
A4: 撤去工事 | B4: 撤去工事 | D4: 式
A5: 計

Sheet 24
A1: 環境配慮工事 中科目別内訳 | F1: 24
A2: 環境配慮解体
A3: 科目名称 | B3: 中科目名称 | C3: 数量 | D3: 単位 | E3: 金額 | F3: 備考
A4: 環境配慮改修 | B4: 撤去 | D4: 式
A5: 計

Sheet 25
A1: 発生材処分 中科目別内訳 | F1: 25
A2: 発生材処理
A3: 科目名称 | B3: 中科目名称 | C3: 数量 | D3: 単位 | E3: 金額 | F3: 備考
A4: 発生材処理 | B4: 運搬 | C4: 1 | D4: 式
A5: 発生材処理 | B5: 処分 | C5: 1 | D5: 式
A6: 計
C7: 京都府警察本部総務部会計課

Sheet 26
A1: 建築工事 細目別内訳 | G1: 26
A2: 建物撤去工事
A3: 名称 | B3: 摘要 | C3: 数量 | D3: 単位 | E3: 単価 | F3: 金額 | G3: 備考
A4: 外部足場 | C4: 1 | D4: 式 | F4: ='48'!F4 -> 0 | G4: 別紙 00-0001
A5: 災害防止 | C5: 1 | D5: 式 | F5: ='48'!F11 -> 0 | G5: 別紙 00-0002
A6: 計 | F6: =SUM(F4:F5) -> 0

Sheet 27
A1: 建築工事 細目別内訳 | G1: 27
A2: 建物撤去工事
A3: 名称 | B3: 摘要 | C3: 数量 | D3: 単位 | E3: 単価 | F3: 金額 | G3: 備考
A4: 内部造作材撤去 | B4: 共同住宅 集積共 | C4: 1345 | D4: ㎡ | F4: =C4*E4 -> 0
A5: ﾓﾙﾀﾙ等撤去 | B5: 地上 圧砕機主体 | C5: 167 | D5: ｍ3 | F5: =C5*E5 -> 0
A6: RC造建物 躯体解体 | B6: 地上 圧砕機主体 | C6: 689 | D6: ｍ3 | F6: =C6*E6 -> 0
A7: RC造建物 基礎解体 | B7: 集積共 | C7: 224 | D7: ｍ3 | F7: =C7*E7 -> 0
A8: 捨てｺﾝｸﾘｰﾄ解体 | B8: 大型ﾌﾞﾚｰｶｰ・圧砕機併用 集積共 | C8: 26.5 | D8: ｍ3 | F8: =C8*E8 -> 0
A9: 地業解体 | B9: 集積共 | C9: 42.9 | D9: ｍ3 | F9: =C9*E9 -> 0
A10: 杭引抜撤去 | B10: 既存PC杭φ350 L=7.0m | C10: 1 | D10: 式 | F10: ='49'!F4 -> 0 | G10: 別紙 00-0003
A11: 石綿除去前 先行撤去 | C11: 1 | D11: 式 | F11: ='50'!F4 -> 0 | G11: 別紙 00-0004
A12: 埋戻し(A種) | B12: - 山砂の類 | C12: 252 | D12: ｍ3 | F12: =C12*E12 -> 0
A13: 計 | F13: =SUM(F4:F12) -> 0

Sheet 28
A1: 建築工事 細目別内訳 | G1: 28
A2: 建物撤去工事
A3: 名称 | B3: 摘要 | C3: 数量 | D3: 単位 | E3: 単価 | F3: 金額 | G3: 備考
A4: RC造建物 躯体解体 | B4: 地上 圧砕機主体 | C4: 11.5 | D4: ｍ3 | F4: =C4*E4 -> 0
A5: RC造建物 基礎解体 | B5: 集積共 | C5: 8.9 | D5: ｍ3 | F5: =C5*E5 -> 0
A6: 捨てｺﾝｸﾘｰﾄ解体 | B6: 集積共 | C6: 1.8 | D6: ｍ3 | F6: =C6*E6 -> 0
A7: 地業解体 | B7: 集積共 | C7: 5.4 | D7: ｍ3 | F7: =C7*E7 -> 0
A8: 埋戻し(A種) | B8: - 山砂の類 | C8: 6.1 | D8: ｍ3 | F8: =C8*E8 -> 0
A9: 土工事 | B9: 電気埋設管撤去用 | C9: 1 | D9: 式 | F9: ='51'!F4 -> 0 | G9: 別紙 00-0021
A10: 計 | F10: =SUM(F4:F9) -> 0

Sheet 29
A1: 建築工事 細目別内訳 | G1: 29
A2: 建物撤去工事
A3: 名称 | B3: 摘要 | C3: 数量 | D3: 単位 | E3: 単価 | F3: 金額 | G3: 備考
A4: 鋼材ﾘｰｽ費 | B4: 30日ﾘｰｽ | C4: 1 | D4: 式 | F4: ='52'!F4 -> 0 | G4: 別紙 00-0042
A5: 鋼材整備費 | C5: 1 | D5: 式 | F5: ='52'!F7 -> 0 | G5: 別紙 00-0048
A6: 山留支保工 ﾘｰｽ費 | B6: 30日ﾘｰｽ | C6: 1 | D6: 式 | F6: ='53'!F4 -> 0 | G6: 別紙 00-0043
A7: 鋼矢板施工費 | B7: （ｱｰｽｵｰｶﾞｰ併用貧配合ﾐﾙｸ注入工） | C7: 1 | D7: 式 | F7: ='53'!F9 -> 0 | G7: 別紙 00-0044
A8: 鋼矢板施工費 | B8: ｻｲﾚﾝﾄﾊﾟｲﾗｰ | C8: 1 | D8: 式 | F8: ='54'!F4 -> 0 | G8: 別紙 00-0045
A9: 鋼矢板整備費 | C9: 1 | D9: 式 | F9: ='55'!F4 -> 0 | G9: 別紙 00-0046
A10: 山留支保工 架設・解体費 | B10: 25tﾗﾌﾀｰ | C10: 1 | D10: 式 | F10: ='56'!F4 -> 0 | G10: 別紙 00-0047
A11: 根切り | B11: 総掘り 山留め内･切梁 | C11: 193 | D11: ｍ3 | F11: =C11*E11 -> 0
A12: ﾓﾙﾀﾙ等撤去 | B12: 地上 圧砕機主体 | C12: 14.7 | D12: ｍ3 | F12: =C12*E12 -> 0
A13: RC造建物 躯体解体 | B13: 地上 圧砕機主体 | C13: 6.7 | D13: ｍ3 | F13: =C13*E13 -> 0
A14: RC造建物 基礎解体 | B14: 大型ﾌﾞﾚｰｶｰ・圧砕機併用 集積共 | C14: 71.6 | D14: ｍ3 | F14: =C14*E14 -> 0
A15: 捨てｺﾝｸﾘｰﾄ解体 | B15: 集積共 | C15: 2.5 | D15: ｍ3 | F15: =C15*E15 -> 0
A16: 地業解体 | B16: 集積共 | C16: 9.4 | D16: ｍ3 | F16: =C16*E16 -> 0
A17: 埋戻し(B種) | B17: - 発生土 | C17: 193 | D17: ｍ3 | F17: =C17*E17 -> 0
A18: 埋戻し(A種) | B18: - 山砂の類 | C18: 171 | D18: ｍ3 | F18: =C18*E18 -> 0

Sheet 30
A1: 建築工事 細目別内訳 | G1: 30
A2: 建物撤去工事
A3: 名称 | B3: 摘要 | C3: 数量 | D3: 単位 | E3: 単価 | F3: 金額 | G3: 備考
A4: 計

Sheet 31
A1: 建築工事 細目別内訳 | G1: 31
A2: 建物撤去工事
A3: 名称 | B3: 摘要 | C3: 数量 | D3: 単位 | E3: 単価 | F3: 金額 | G3: 備考
A4: 除草 | C4: 1305 | D4: ㎡ | F4: =C4*E4 -> 0
A5: ｱｽﾌｧﾙﾄ舗装撤去 | B5: 路盤砕石t=250 集積共 | C5: 611 | D5: ㎡ | F5: =C5*E5 -> 0
A6: PC縁石撤去 | B6: W150 敷ﾓﾙﾀﾙ、捨てCON、地業共 | C6: 341 | D6: ｍ | F6: =C6*E6 -> 0
A7: Ｕ字溝撤去 | B7: U300 敷ﾓﾙﾀﾙ、捨てCON、地業共 | C7: 12.2 | D7: ｍ | F7: =C7*E7 -> 0
A8: 雨水桝撤去 | B8: 600角 捨てCON、地業共 | C8: 11 | D8: か所 | F8: =C8*E8 -> 0
A9: Ｕ字溝撤去 | B9: U240 捨てCON、地業共 | C9: 49.2 | D9: ｍ | F9: =C9*E9 -> 0
A10: 鋼製門扉撤去 | B10: W4500×H1800 基礎ｺﾝ、捨てｺﾝ、地業共 集積共 | C10: 2 | D10: か所 | F10: =C10*E10 -> 0
A11: ﾈｯﾄﾌｪﾝｽ撤去 | B11: H1800 直忍び付き | C11: 106 | D11: ｍ | F11: =C11*E11 -> 0
A12: 掲示板撤去 | B12: W1200×H900 集積共 | C12: 1 | D12: か所 | F12: =C12*E12 -> 0
A13: 排水管撤去 | B13: VP100、150 埋設管 | C13: 109 | D13: ｍ | F13: =C13*E13 -> 0
A14: 土工事 | B14: 汚水桝・埋設管撤去用 | C14: 1 | D14: 式 | F14: ='57'!F4 -> 0 | G14: 別紙 00-0027
A15: 伐採抜根 | B15: 幹周15～25㎝未満 人力 | C15: 6 | D15: 本 | F15: =C15*E15 -> 0
A16: 伐採抜根 | B16: 幹周25～40㎝未満 機械併用 | C16: 7 | D16: 本 | F16: =C16*E16 -> 0
A17: 伐採抜根 | B17: 幹周40～60㎝未満 機械併用 | C17: 7 | D17: 本 | F17: =C17*E17 -> 0
A18: 計 | F18: =SUM(F4:F17) -> 0

Sheet 32
A1: 建築工事 細目別内訳 | G1: 32
A2: 建物撤去工事
A3: 名称 | B3: 摘要 | C3: 数量 | D3: 単位 | E3: 単価 | F3: 金額 | G3: 備考
A4: 跡整地 | B4: 機械 施工規模1000㎡ | C4: 2164 | D4: ㎡ | F4: =C4*E4 -> 0
A5: 砕石敷き | B5: t=80 転圧共 | C5: 2164 | D5: ㎡ | F5: =C5*E5 -> 0
A6: 防草ｼｰﾄ張り | C6: 2164 | D6: ㎡ | F6: =C6*E6 -> 0
A7: Ｕ形側溝 | B7: U-300 敷ﾓﾙﾀﾙ、地業共 | C7: 12.2 | D7: ｍ | F7: =C7*E7 -> 0
A8: ＤＰ塗り 改修仕様 | B8: 錆止工程 C塗料A | C8: 2.4 | D8: ㎡ | F8: =C8*E8 -> 0
A9: ＤＰ塗り 改修仕様 (糸幅300mm以下) | B9: 錆止工程 C塗料A | C9: 69.2 | D9: ｍ | F9: =C9*E9 -> 0
A10: ｱﾙﾐ製ﾊﾟﾈﾙｹﾞｰﾄ | B10: W=5500(有効W＝4790)H=4500 買取 | D10: か所 | F10: =C10*E10 -> 0
A11: 計 | F11: =SUM(F4:F10) -> 0

Sheet 33
A1: 電気設備工事 細目別内訳 | G1: 33
A2: 待機宿舎
A3: 名称 | B3: 摘要 | C3: 数量 | D3: 単位 | E3: 単価 | F3: 金額 | G3: 備考
A4: 盤類撤去 | C4: 1 | D4: 式 | F4: ='58'!F4 -> 0 | G4: 別紙 00-0006
A5: 配管配線類撤去 | C5: 1 | D5: 式 | F5: ='59'!F4 -> 0 | G5: 別紙 00-0007
A6: 接地棒撤去 | C6: 1 | D6: 式 | F6: ='59'!F12 -> 0 | G6: 別紙 00-0008
A7: 計 | F7: =SUM(F4:F6) -> 0

Sheet 34
A1: 電気設備工事 細目別内訳 | G1: 34
A2: 待機宿舎
A3: 名称 | B3: 摘要 | C3: 数量 | D3: 単位 | E3: 単価 | F3: 金額 | G3: 備考
A4: 照明器具撤去 | C4: 1 | D4: 式 | F4: ='60'!F4 -> 0 | G4: 別紙 00-0009
A5: 計 | F5: =SUM(F4:F4) -> 0

Sheet 35
A1: 電気設備工事 細目別内訳 | G1: 35
A2: 待機宿舎
A3: 名称 | B3: 摘要 | C3: 数量 | D3: 単位 | E3: 単価 | F3: 金額 | G3: 備考
A4: 盤類撤去 | C4: 1 | D4: 式 | F4: ='61'!F4 -> 0 | G4: 別紙 00-0010
A5: 配管撤去 | C5: 1 | D5: 式 | F5: ='61'!F9 -> 0 | G5: 別紙 00-0011
A6: 計 | F6: =SUM(F4:F5) -> 0

Sheet 36
A1: 電気設備工事 細目別内訳 | G1: 36
A2: 待機宿舎
A3: 名称 | B3: 摘要 | C3: 数量 | D3: 単位 | E3: 単価 | F3: 金額 | G3: 備考
A4: ｱﾝﾃﾅ、盤類撤去 | C4: 1 | D4: 式 | F4: ='62'!F4 -> 0 | G4: 別紙 00-0012
A5: ｹｰﾌﾞﾙ撤去 | C5: 1 | D5: 式 | F5: ='62'!F9 -> 0 | G5: 別紙 00-0013
A6: 計 | F6: =SUM(F4:F5) -> 0

Sheet 37
A1: 電気設備工事 細目別内訳 | G1: 37
A2: 待機宿舎
A3: 名称 | B3: 摘要 | C3: 数量 | D3: 単位 | E3: 単価 | F3: 金額 | G3: 備考
A4: 機器類撤去 | C4: 1 | D4: 式 | F4: ='63'!F4 -> 0 | G4: 別紙 00-0014
A5: 計 | F5: =SUM(F4:F4) -> 0

Sheet 38
A1: 電気設備工事 細目別内訳 | G1: 38
A2: 電気室・ﾎﾟﾝﾌﾟ室
A3: 名称 | B3: 摘要 | C3: 数量 | D3: 単位 | E3: 単価 | F3: 金額 | G3: 備考
A4: 盤類撤去 | C4: 1 | D4: 式 | F4: ='64'!F4 -> 0 | G4: 別紙 00-0015
A5: 照明器具撤去 | C5: 1 | D5: 式 | F5: ='64'!F10 -> 0 | G5: 別紙 00-0016
A6: 配線撤去 | C6: 1 | D6: 式 | F6: ='65'!F4 -> 0 | G6: 別紙 00-0017
A7: 計 | F7: =SUM(F4:F6) -> 0

Sheet 39
A1: 電気設備工事 細目別内訳 | G1: 39
A2: 浄化槽・機械室
A3: 名称 | B3: 摘要 | C3: 数量 | D3: 単位 | E3: 単価 | F3: 金額 | G3: 備考
A4: 盤類撤去 | C4: 1 | D4: 式 | F4: ='66'!F4 -> 0 | G4: 別紙 00-0018
A5: 照明器具撤去 | C5: 1 | D5: 式 | F5: ='66'!F8 -> 0 | G5: 別紙 00-0019
A6: 計 | F6: =SUM(F4:F5) -> 0

Sheet 40
A1: 電気設備工事 細目別内訳 | G1: 40
A2: 屋外
A3: 名称 | B3: 摘要 | C3: 数量 | D3: 単位 | E3: 単価 | F3: 金額 | G3: 備考
A4: 配管、ｹｰﾌﾞﾙ撤去 | C4: 1 | D4: 式 | F4: ='67'!F4 -> 0 | G4: 別紙 00-0020
A5: 計 | F5: =SUM(F4:F4) -> 0

Sheet 41
A1: 機械設備工事 細目別内訳 | G1: 41
A2: 屋外
A3: 名称 | B3: 摘要 | C3: 数量 | D3: 単位 | E3: 単価 | F3: 金額 | G3: 備考
A4: 機器類撤去 | C4: 1 | D4: 式 | F4: ='68'!F4 -> 0 | G4: 別紙 00-0022
A5: 機器搬出費 | C5: 1 | D5: 式 | F5: ='68'!F10 -> 0 | G5: 別紙 00-0023
A6: 配管類撤去 | C6: 1 | D6: 式 | F6: ='69'!F4 -> 0 | G6: 別紙 00-0024
A7: 保温材撤去 | C7: 1 | D7: 式 | F7: ='70'!F4 -> 0 | G7: 別紙 00-0025
A8: 桝撤去 | C8: 1 | D8: 式 | F8: ='70'!F11 -> 0 | G8: 別紙 00-0026
A9: 既設管切断費 | C9: 1 | D9: 式 | F9: ='71'!F4 -> 0 | G9: 別紙 00-0028
A10: 閉塞工事 | C10: 1 | D10: 式 | F10: ='71'!F8 -> 0 | G10: 別紙 00-0029
A11: ｶﾞｽ管撤去工事 | C11: 1 | D11: 式 | F11: ='72'!F4 -> 0 | G11: 別紙 00-0030
A12: 計 | F12: =SUM(F4:F11) -> 0

Sheet 42
A1: 機械設備工事 細目別内訳 | G1: 42
A2: 宿舎
A3: 名称 | B3: 摘要 | C3: 数量 | D3: 単位 | E3: 単価 | F3: 金額 | G3: 備考
A4: 機器類撤去 | C4: 1 | D4: 式 | F4: ='73'!F4 -> 0 | G4: 別紙 00-0031
A5: 配管類撤去 | C5: 1 | D5: 式 | F5: ='74'!F4 -> 0 | G5: 別紙 00-0032
A6: 保温材撤去 | C6: 1 | D6: 式 | F6: ='74'!F10 -> 0 | G6: 別紙 00-0033
A7: 既設管切断費 | C7: 1 | D7: 式 | F7: ='75'!F4 -> 0 | G7: 別紙 00-0034
A8: 計 | F8: =SUM(F4:F7) -> 0

Sheet 43
A1: 環境配慮工事 細目別内訳 | G1: 43
A2: 環境配慮解体
A3: 名称 | B3: 摘要 | C3: 数量 | D3: 単位 | E3: 単価 | F3: 金額 | G3: 備考
A4: 【吹付材、下地調 整材除去】
A5: 吹付材、下地調整 材除去工事 | B5: 湿式集じん装置付きﾃﾞｨｽｸｸﾞﾗｲﾝﾀﾞｰｹ | C5: 1 | D5: 式 | F5: ='76'!F4 -> 0 | G5: 別紙 00-0035
A6: 【成形版除去】
A7: 既存防水層撤去 (石綿含有材) | B7: ｱｽﾌｧﾙﾄ防水層 集積共 粉塵飛散防止処置共 | C7: 708 | D7: ㎡ | F7: =C7*E7 -> 0
A8: 天井合板･ﾎﾞｰﾄﾞ 撤去 | B8: 一重張り 石綿含有 集積共 | C8: 129 | D8: ㎡ | F8: =C8*E8 -> 0
A9: ﾋﾞﾆﾙ床ｼｰﾄ撤去 | B9: 石綿含有 集積共 | C9: 390 | D9: ㎡ | F9: =C9*E9 -> 0
A10: ﾍﾞﾗﾝﾀﾞ隔壁 撤去 | B10: 一重張り 石綿含有 集積共 | C10: 34.2 | D10: ㎡ | F10: =C10*E10 -> 0
A11: 【保温材】
A12: 給水管 保温切断 | B12: ｱｽﾍﾞｽﾄ含有材含む 配管ｴﾙﾎﾞ | C12: 8 | D12: か所 | F12: =C12*E12 -> 0
A13: 【梱包・運搬・処 分等】
A14: 除去石綿処理 | B14: 密閉処理（二重梱包） | C14: 8.7 | D14: ｍ3 | F14: =C14*E14 -> 0
A15: 発生材積込み | B15: 石綿含有材 人力 | C15: 8.7 | D15: ｍ3 | F15: =C15*E15 -> 0
A16: とりこわし 発生材運搬 | B16: ﾀﾞﾝﾌﾟﾄﾗｯｸ 10t積級 | C16: 8.7 | D16: ｍ3 | F16: =C16*E16 -> 0
A17: 特別管理型 産業廃棄物処分費 | B17: ｱｽﾍﾞｽﾄ含有材 | C17: 25 | D17: ｍ3 | F17: =C17*E17 -> 0

Sheet 44
A1: 環境配慮工事 細目別内訳 | G1: 44
A2: 環境配慮解体
A3: 名称 | B3: 摘要 | C3: 数量 | D3: 単位 | E3: 単価 | F3: 金額 | G3: 備考
A4: 発生材処分費 | B4: 石綿含有材 | C4: 13.8 | D4: ｔ | F4: =C4*E4 -> 0
A5: 計 | F5: =SUM(F4:F4) -> 0

Sheet 45
A1: 発生材処分 細目別内訳 | G1: 45
A2: 発生材処理
A3: 名称 | B3: 摘要 | C3: 数量 | D3: 単位 | E3: 単価 | F3: 金額 | G3: 備考
A4: ｺﾝｸﾘｰﾄ類 集積、積込み | B4: 機 械 | C4: 1596 | D4: ｍ3 | F4: =C4*E4 -> 0
A5: 内装材 積込み | B5: 機 械 | C5: 145 | D5: ｍ3 | F5: =C5*E5 -> 0
A6: とりこわし 発生材運搬 | B6: ﾊﾞｯｸﾎｳ1.4m3 ｺﾝｸﾘｰﾄ類 | C6: 1244 | D6: ｍ3 | F6: =C6*E6 -> 0
A7: とりこわし 発生材運搬 | B7: ﾊﾞｯｸﾎｳ1.4m3 コン二次製品 | C7: 86 | D7: ㎥ | F7: =C7*E7 -> 0
A8: とりこわし 発生材運搬 | B8: ﾊﾞｯｸﾎｳ1.4m3 がれき類 | C8: 236 | D8: ｍ3 | F8: =C8*E8 -> 0
A9: とりこわし 発生材運搬 | B9: ﾊﾞｯｸﾎｳ1.4m3 ｱｽﾌｧﾙﾄ･ｺﾝｸﾘｰﾄ類 | C9: 30.6 | D9: ｍ3 | F9: =C9*E9 -> 0
A10: とりこわし 発生材運搬 | B10: ﾊﾞｯｸﾎｳ0.8m3 陶器・ｶﾞﾗｽ | C10: 11.9 | D10: ｍ3 | F10: =C10*E10 -> 0
A11: とりこわし 発生材運搬 | B11: ﾊﾞｯｸﾎｳ1.4m3 廃ﾌﾟﾗ（ｼｰﾘﾝｸﾞ・ｳﾚﾀﾝ | C11: 73.1 | D11: ｍ3 | F11: =C11*E11 -> 0
A12: とりこわし 発生材運搬 | B12: ﾊﾞｯｸﾎｳ0.13m3 廃ﾌﾟﾗ(塩ﾋﾞ等) | C12: 5 | D12: ｍ3 | F12: =C12*E12 -> 0
A13: とりこわし 発生材運搬 | B13: ﾊﾞｯｸﾎｳ1.4m3 石こうﾎﾞｰﾄﾞ類 | C13: 12.9 | D13: ｍ3 | F13: =C13*E13 -> 0
A14: とりこわし 発生材運搬 | B14: ﾊﾞｯｸﾎｳ1.4m3 木材類 | C14: 41.8 | D14: ｍ3 | F14: =C14*E14 -> 0
A15: とりこわし | B15: ﾀﾞﾝﾌﾟﾄﾗｯｸ 2t積級
A16: 発生材運搬 | B16: 人力積込 廃蛍光灯類 | C16: 1
A17: 計 | F17: =SUM(F4:F16) -> 0

Sheet 46
A1: 発生材処分 細目別内訳 | G1: 46
A2: 発生材処理
A3: 名称 | B3: 摘要 | C3: 数量 | D3: 単位 | E3: 単価 | F3: 金額 | G3: 備考
A4: 発生材処分費 | B4: がれき類 | C4: 502 | D4: ｔ | F4: =C4*E4 -> 0
A5: 発生材処分費 | B5: コン二次製品 | C5: 86 | D5: ㎥ | F5: =C5*E5 -> 0
A6: 発生材処分費 | B6: ｺﾝｸﾘｰﾄ類（CON、Mo） | C6: 1244 | D6: ｍ3 | F6: =C6*E6 -> 0
A7: 発生材処分費 | B7: ｱｽﾌｧﾙﾄｺﾝｸﾘｰﾄ | C7: 30.6 | D7: ｍ3 | F7: =C7*E7 -> 0
A8: 発生材処分費 | B8: 陶器・ｶﾞﾗｽ類 | C8: 16.9 | D8: ｔ | F8: =C8*E8 -> 0
A9: 発生材処分費 | B9: 廃ﾌﾟﾗｽﾁｯｸ類（ｼｰﾘﾝｸﾞ等） | C9: 0.3 | D9: ｔ | F9: =C9*E9 -> 0
A10: 発生材処分費 | B10: 廃ﾌﾟﾗｽﾁｯｸ類（ｳﾚﾀﾝﾌｫｰﾑ等） | C10: 16.3 | D10: ｔ | F10: =C10*E10 -> 0
A11: 発生材処分費 | B11: 廃ﾌﾟﾗｽﾁｯｸ類（塩ﾋﾞ等） | C11: 2.9 | D11: ｔ | F11: =C11*E11 -> 0
A12: 発生材処分費 | B12: ﾎﾞｰﾄﾞ類 | C12: 28.7 | D12: ｔ | F12: =C12*E12 -> 0
A13: 発生材処分費 | B13: 木材類 | C13: 17.7 | D13: ｔ | F13: =C13*E13 -> 0
A14: 発生材処分費 | B14: 廃蛍光灯 | C14: 21 | D14: kg | F14: =C14*E14 -> 0
A15: ﾅｹﾞｯﾄ処理 | C15: 0.4 | D15: ｔ | F15: =C15*E15 -> 0
A16: ｽｸﾗｯﾌﾟ | B16: 鉄 H2 | C16: 141 | D16: ｔ | F16: =C16*E16 -> 0
A17: ｽｸﾗｯﾌﾟ | B17: ｽﾃﾝﾚｽ 13Cr | C17: 0.2 | D17: ｔ | F17: =C17*E17 -> 0
A18: ｽｸﾗｯﾌﾟ | B18: ｱﾙﾐ 込みｶﾞﾗ | C18: 3.1 | D18: ｔ | F18: =C18*E18 -> 0

Sheet 47
A1: 発生材処分 細目別内訳 | G1: 47
A2: 発生材処理
A3: 名称 | B3: 摘要 | C3: 数量 | D3: 単位 | E3: 単価 | F3: 金額 | G3: 備考
A4: ｽｸﾗｯﾌﾟ | B4: 銅 2号銅線 | C4: 0.3 | D4: ｔ | F4: =C4*E4 -> 0
A5: 計 | F5: =SUM(F4:F4) -> 0

Sheet 48
A1: 建築工事 別紙明細 | G1: 48
A2: 建物撤去工事
A3: 名称 | B3: 摘要 | C3: 数量 | D3: 単位 | E3: 単価 | F3: 金額 | G3: 備考
A4: 外部足場 | C4: 1 | D4: 式 | F4: =F10 -> 0 | G4: 別紙 00-0001
A5: 枠組本足場 (手すり先行方式) | B5: 建枠 90 0×1700 布枠500+240 | C5: 1979 | D5: ㎡ | F5: =C5*E5 -> 0
A6: 枠組本足場 (手すり先行方式) | B6: 建枠 60 0×1700 布枠500×1枚 | C6: 55.1 | D6: ㎡ | F6: =C6*E6 -> 0
A7: 安全手すり (手すり先行方式) | B7: 掛払い・賃料・基本料・運搬共 4.5か月 | C7: 137 | D7: ｍ | F7: =C7*E7 -> 0
A8: 単管一本足場 | B8: 掛払い・ 賃料・基本料・運搬共 | C8: 11.2 | D8: ㎡ | F8: =C8*E8 -> 0
A9: 階段足場 | B9: 掛払い・賃料・基本料・運搬共 1.5か月 | C9: 127 | D9: ㎡ | F9: =C9*E9 -> 0
A10: 計 | F10: =SUM(F5:F9) -> 0
A11: 災害防止 | C11: 1 | D11: 式 | F11: =F13 -> 0 | G11: 別紙 00-0002
A12: 防音ｼｰﾄ張り | B12: 掛払い・賃料・基本料・運搬共 4.5か月 | C12: 2045 | D12: ㎡ | F12: =C12*E12 -> 0
A13: 計 | F13: =SUM(F12:F12) -> 0

Sheet 49
A1: 建築工事 別紙明細 | G1: 49
A2: 建物撤去工事
A3: 名称 | B3: 摘要 | C3: 数量 | D3: 単位 | E3: 単価 | F3: 金額 | G3: 備考
A4: 杭引抜撤去 | B4: ｵｰｶﾞｰｹｰｼﾝｸﾞ工法 既存PC杭φ350 L=7.0m | C4: 1 | D4: 式 | F4: =C4*E4 -> 0 | G4: 別紙 00-0003
A5: 掘削杭頭出し | B5: GL-2.0まで | C5: 128 | D5: か所 | F5: =C5*E5 -> 0
A6: 杭縁切削孔 | B6: φ600 GL-8.2～9.0ｍ | C6: 128 | D6: か所 | F6: =C6*E6 -> 0
A7: 杭引抜手間 | C7: 128 | D7: 本 | F7: =C7*E7 -> 0
A8: 杭小割切断手間 | B8: 場内残置 | C8: 128 | D8: 本 | F8: =C8*E8 -> 0
A9: 埋戻し貧配合注入 材 | B9: L=7.0m | C9: 128 | D9: 本 | F9: =C9*E9 -> 0
A10: 杭抜工事 重機組立・解体費 | C10: 1 | D10: 式 | F10: =C10*E10 -> 0
A11: 杭抜工事 機材・重機運搬費 | C11: 1 | D11: 式 | F11: =F12 -> 0
A12: 計 | F12: 0

Sheet 50
A1: 建築工事 別紙明細 | G1: 50
A2: 建物撤去工事
A3: 名称 | B3: 摘要 | C3: 数量 | D3: 単位 | E3: 単価 | F3: 金額 | G3: 備考
A4: 石綿除去前 先行撤去 | C4: 1 | D4: 式 | F4: =F10 -> 0 | G4: 別紙 00-0004
A5: ドレン撤去 | B5: 集積共 | C5: 16 | D5: か所 | F5: =C5*E5 -> 0
A6: たてどい撤去 | B6: VP管 集積共 | C6: 210 | D6: ｍ | F6: =C6*E6 -> 0
A7: ｱﾙﾐ製手すり撤去 | B7: 集積共 | C7: 76.8 | D7: ｍ | F7: =C7*E7 -> 0
A8: 物干し金物撤去 | B8: 集積共 | C8: 64 | D8: か所 | F8: =C8*E8 -> 0
A9: 床ﾀｲﾙ撤去 | B9: 下地ﾓﾙﾀﾙ共 集積共 | C9: 125 | D9: ㎡ | F9: =C9*E9 -> 0
A10: 計 | F10: =SUM(F5:F9) -> 0

Sheet 51
A1: 建築工事 別紙明細 | G1: 51
A2: 建物撤去工事
A3: 名称 | B3: 摘要 | C3: 数量 | D3: 単位 | E3: 単価 | F3: 金額 | G3: 備考
A4: 土工事 | B4: 電気埋設管撤去用 | C4: 1 | D4: 式 | F4: =F7 -> 0 | G4: 別紙 00-0021
A5: 根切り | B5: 小規模土工 - | C5: 16 | D5: ｍ3 | F5: =C5*E5 -> 0
A6: 埋戻し(B種) | B6: - 発生土 | C6: 16 | D6: ｍ3 | F6: =C6*E6 -> 0
A7: 計 | F7: =SUM(F5:F6) -> 0

Sheet 52
A1: 建築工事 別紙明細 | G1: 52
A2: 建物撤去工事
A3: 名称 | B3: 摘要 | C3: 数量 | D3: 単位 | E3: 単価 | F3: 金額 | G3: 備考
A4: 鋼材ﾘｰｽ費 | B4: 30日ﾘｰｽ | C4: 1 | D4: 式 | F4: =F6 -> 0 | G4: 別紙 00-0042
A5: 鋼材費 SP4型 9.5ｍ 賃貸料 | B5: 60枚 76.1kg/枚 570ｍ | C5: 43.4 | D5: ｔ | F5: =C5*E5 -> 0
A6: 計 | F6: =SUM(F5:F5) -> 0
A7: 鋼材整備費 | C7: 1 | D7: 式 | F7: =F15 -> 0 | G7: 別紙 00-0048
A8: 整備費 | C8: 43.4 | D8: ｔ | F8: =C8*E8 -> 0
A9: 基地積込費 | C9: 43.4 | D9: ｔ | F9: =C9*E9 -> 0
A10: 基地荷下費 | C10: 43.4 | D10: ｔ | F10: =C10*E10 -> 0
A11: 工場残土処理費 | C11: 43.4 | D11: ｔ | F11: =C11*E11 -> 0
A12: 持込運賃 | B12: ﾄﾚｰﾗｰ | C12: 43.4 | D12: ｔ | F12: =C12*E12 -> 0
A13: 引取運賃 | B13: ﾄﾚｰﾗｰ | C13: 43.4 | D13: ｔ | F13: =C13*E13 -> 0
A14: 損耗発生見込 | B14: 0.1 | C14: 4.3 | D14: ｔ | F14: =C14*E14 -> 0
A15: 計 | F15: =SUM(F8:F14) -> 0

Sheet 53
A1: 建築工事 別紙明細 | G1: 53
A2: 建物撤去工事
A3: 名称 | B3: 摘要 | C3: 数量 | D3: 単位 | E3: 単価 | F3: 金額 | G3: 備考
A4: 山留支保工 ﾘｰｽ費 | B4: 30日ﾘｰｽ | C4: 1 | D4: 式 | F4: =F8 -> 0 | G4: 別紙 00-0043
A5: ﾘｰｽ料 | B5: 山留主材 | C5: 3.6 | D5: ｔ | F5: =C5*E5 -> 0
A6: ﾘｰｽ料 | B6: 山留部材 | C6: 1.3 | D6: ｔ | F6: =C6*E6 -> 0
A7: ﾘｰｽ料 | B7: ｷﾘﾝｼﾞｬｯｷ | C7: 3 | D7: 台 | F7: =C7*E7 -> 0
A8: 計 | F8: =SUM(F5:F7) -> 0
A9: 鋼矢板施工費 | B9: 先行掘削 （ｱｰｽｵｰｶﾞｰ併用貧配合ﾐﾙｸ注入工） | C9: 1 | D9: 式 | F9: =C9*E9 -> 0 | G9: 別紙 00-0044
A10: ｽｸﾘｭｰ削孔 | C10: 304 | D10: ｍ | F10: =C10*E10 -> 0
A11: 重機・機械損料 | C11: 3 | D11: 日 | F11: =C11*E11 -> 0
A12: 組立解体費 | C12: 1 | D12: 式 | F12: =C12*E12 -> 0
A13: 重機運搬費 | C13: 1 | D13: 式 | F13: =F14 -> 0
A14: 計 | F14: 0

Sheet 54
A1: 建築工事 別紙明細 | G1: 54
A2: 建物撤去工事
A3: 名称 | B3: 摘要 | C3: 数量 | D3: 単位 | E3: 単価 | F3: 金額 | G3: 備考
A4: 鋼矢板施工費 | B4: ｻｲﾚﾝﾄﾊﾟｲﾗｰ | C4: 1 | D4: 式 | F4: =C4*E4 -> 0 | G4: 別紙 00-0045
A5: 鋼矢板圧入 | C5: 570 | D5: ｍ | F5: =C5*E5 -> 0
A6: 初期反力圧入 | B6: 境界側 | C6: 1 | D6: 式 | F6: =C6*E6 -> 0
A7: 初期反力圧入 | B7: 反対側 | C7: 1 | D7: 式 | F7: =C7*E7 -> 0
A8: 重機運搬費 | C8: 1 | D8: 式 | F8: =C8*E8 -> 0
A9: 鋼矢板引抜費 | C9: 570 | D9: ｍ | F9: =C9*E9 -> 0
A10: 重機運搬費 | C10: 1 | D10: 式 | F10: =F11 -> 0
A11: 計 | F11: 0

Sheet 55
A1: 建築工事 別紙明細 | G1: 55
A2: 建物撤去工事
A3: 名称 | B3: 摘要 | C3: 数量 | D3: 単位 | E3: 単価 | F3: 金額 | G3: 備考
A4: 鋼矢板整備費 | C4: 1 | D4: 式 | F4: =F16 -> 0 | G4: 別紙 00-0046
A5: 整備費 | B5: 山留主材 | C5: 3.6 | D5: ｔ | F5: =C5*E5 -> 0
A6: 整備費 | B6: 山留部材 | C6: 1.3 | D6: ｔ | F6: =C6*E6 -> 0
A7: 整備費 | B7: ｷﾘﾝｼﾞｬｯｷ | C7: 3 | D7: 台 | F7: =C7*E7 -> 0
A8: 売切り部材 | B8: ﾌﾞﾗｹｯﾄ | C8: 12 | D8: 個 | F8: =C8*E8 -> 0
A9: 売切り部材 | B9: ﾎﾞﾙﾄ類 | C9: 200 | D9: 本 | F9: =C9*E9 -> 0
A10: 基地積込費 | C10: 5.3 | D10: ｔ | F10: =C10*E10 -> 0
A11: 基地荷下費 | C11: 5.3 | D11: ｔ | F11: =C11*E11 -> 0
A12: 工場残土処理費 | C12: 5.3 | D12: ｔ | F12: =C12*E12 -> 0
A13: 持込運賃 | C13: 5.3 | D13: ｔ | F13: =C13*E13 -> 0
A14: 引取運賃 | C14: 5.2 | D14: ｔ | F14: =C14*E14 -> 0
A15: 損耗発生見込 | B15: 0.05 | C15: 1.3 | D15: ｔ | F15: =C15*E15 -> 0
A16: 計 | F16: =SUM(F5:F15) -> 0

Sheet 56
A1: 建築工事 別紙明細 | G1: 56
A2: 建物撤去工事
A3: 名称 | B3: 摘要 | C3: 数量 | D3: 単位 | E3: 単価 | F3: 金額 | G3: 備考
A4: 山留支保工 架設・解体費 | B4: 25tﾗﾌﾀｰ | C4: 1 | D4: 式 | F4: =C4*E4 -> 0 | G4: 別紙 00-0047
A5: 架設費 | C5: 1 | D5: 式 | F5: =C5*E5 -> 0
A6: 解体費 | C6: 1 | D6: 式 | F6: =F8 -> 0
A7: 腹起し背面裏込め 工賃 | B7: 材工共 | C7: 30 | D7: か所 | F7: =C7*E7 -> 0
A8: 計 | F8: =SUM(F7:F7) -> 0

Sheet 57
A1: 建築工事 別紙明細 | G1: 57
A2: 建物撤去工事
A3: 名称 | B3: 摘要 | C3: 数量 | D3: 単位 | E3: 単価 | F3: 金額 | G3: 備考
A4: 土工事 | B4: 汚水桝・埋設管撤去用 | C4: 1 | D4: 式 | F4: =F8 -> 0 | G4: 別紙 00-0027
A5: 根切り | B5: 小規模土工 - | C5: 119 | D5: ｍ3 | F5: =C5*E5 -> 0
A6: 埋戻し(B種) | B6: - 発生土 | C6: 185 | D6: ｍ3 | F6: =C6*E6 -> 0
A7: 埋戻し(A種) | B7: - 山砂の類 | C7: 68.3 | D7: ｍ3 | F7: =C7*E7 -> 0
A8: 計 | F8: =SUM(F5:F7) -> 0

Sheet 58
A1: 電気設備工事 別紙明細 | G1: 58
A2: 待機宿舎
A3: 名称 | B3: 摘要 | C3: 数量 | D3: 単位 | E3: 単価 | F3: 金額 | G3: 備考
A4: 盤類撤去 | C4: 1 | D4: 式 | F4: =F11 -> 0 | G4: 別紙 00-0006
A5: 電灯盤(L-1) 撤去 | B5: 屋内壁掛型 再使用しない | C5: 1 | D5: 面 | F5: =C5*E5 -> 0
A6: 電灯盤(L-2) 撤去 | B6: 屋内壁掛型 再使用しない | C6: 1 | D6: 面 | F6: =C6*E6 -> 0
A7: 電灯盤(L-3) 撤去 | B7: 屋内壁掛型 再使用しない | C7: 1 | D7: 面 | F7: =C7*E7 -> 0
A8: 電灯盤(L-4) 撤去 | B8: 屋内壁掛型 再使用しない | C8: 1 | D8: 面 | F8: =C8*E8 -> 0
A9: 各戸分電盤(L-N) 撤去 | B9: 屋内埋込型 再使用しない | C9: 32 | D9: 面 | F9: =C9*E9 -> 0
A10: ﾒｰﾀｰ取付板 撤去 | B10: 再使用しない | C10: 32 | D10: 個 | F10: =C10*E10 -> 0
A11: 計 | F11: =SUM(F5:F10) -> 0

Sheet 59
A1: 電気設備工事 別紙明細 | G1: 59
A2: 待機宿舎
A3: 名称 | B3: 摘要 | C3: 数量 | D3: 単位 | E3: 単価 | F3: 金額 | G3: 備考
A4: 配管配線類撤去 | C4: 1 | D4: 式 | F4: =F11 -> 0 | G4: 別紙 00-0007
A5: 600V絶縁電線 撤去 | B5: 5.5mm2 × 1本 再使用しない | C5: 312 | D5: ｍ | F5: =C5*E5 -> 0
A6: 600V絶縁電線 撤去 | B6: 22mm2 × 1本 再使用しない | C6: 178 | D6: ｍ | F6: =C6*E6 -> 0
A7: 600V絶縁電線 撤去 | B7: 60mm2 × 1本 再使用しない | C7: 97 | D7: ｍ | F7: =C7*E7 -> 0
A8: 600V絶縁電線 撤去 | B8: 150mm2 × 1本 再使用しない | C8: 143 | D8: ｍ | F8: =C8*E8 -> 0
A9: 薄鋼電線管 撤去 | B9: (C51) 再使用しない | C9: 32 | D9: ｍ | F9: =C9*E9 -> 0
A10: 薄鋼電線管 撤去 | B10: (C75) 再使用しない | C10: 48 | D10: ｍ | F10: =C10*E10 -> 0
A11: 計 | F11: =SUM(F5:F10) -> 0
A12: 接地棒撤去 | C12: 1 | D12: 式 | F12: =F14 -> 0 | G12: 別紙 00-0008
A13: 接地棒撤去 ED、ED(ELB) | B13: 再使用しない | C13: 2 | D13: か所 | F13: =C13*E13 -> 0
A14: 計 | F14: =SUM(F13:F13) -> 0

Sheet 60
A1: 電気設備工事 別紙明細 | G1: 60
A2: 待機宿舎
A3: 名称 | B3: 摘要 | C3: 数量 | D3: 単位 | E3: 単価 | F3: 金額 | G3: 備考
A4: 照明器具撤去 | C4: 1 | D4: 式 | F4: =F11 -> 0 | G4: 別紙 00-0009
A5: 蛍光灯器具 撤去 | B5: 露出形 FL 20W ×1 | D5: 個 | F5: =C5*E5 -> 0
A6: 蛍光灯器具 撤去 | B6: 露出形 FL 10W ×1 | D6: 個 | F6: =C6*E6 -> 0
A7: 白熱灯器具 | B7: ｼｰﾘﾝｸﾞﾗｲﾄ 再使用しない
A8: 撤去 | C8: 64
A9: 白熱灯器具 | B9: ﾌﾞﾗｹｯﾄﾗｲﾄ 再使用しない
A10: 撤去 | C10: 32
A11: 計 | F11: =SUM(F5:F10) -> 0

Sheet 61
A1: 電気設備工事 別紙明細 | G1: 61
A2: 待機宿舎
A3: 名称 | B3: 摘要 | C3: 数量 | D3: 単位 | E3: 単価 | F3: 金額 | G3: 備考
A4: 盤類撤去 | C4: 1 | D4: 式 | F4: =F8 -> 0 | G4: 別紙 00-0010
A5: 主端子盤 撤去 | B5: 40P 再使用しない | C5: 1 | D5: 面 | F5: =C5*E5 -> 0
A6: 端子盤 撤去 | B6: 10P 再使用しない | C6: 2 | D6: 面 | F6: =C6*E6 -> 0
A7: 端子盤 撤去 | B7: 20P 再使用しない | C7: 2 | D7: 面 | F7: =C7*E7 -> 0
A8: 計 | F8: =SUM(F5:F7) -> 0
A9: 配管撤去 | C9: 1 | D9: 式 | F9: =F12 -> 0 | G9: 別紙 00-0011
A10: 薄鋼電線管 撤去 | B10: (C25) 再使用しない | C10: 28 | D10: ｍ | F10: =C10*E10 -> 0
A11: 薄鋼電線管 撤去 | B11: (C31) 再使用しない | C11: 43 | D11: ｍ | F11: =C11*E11 -> 0
A12: 計 | F12: =SUM(F10:F11) -> 0

Sheet 62
A1: 電気設備工事 別紙明細 | G1: 62
A2: 待機宿舎
A3: 名称 | B3: 摘要 | C3: 数量 | D3: 単位 | E3: 単価 | F3: 金額 | G3: 備考
A4: ｱﾝﾃﾅ、盤類撤去 | C4: 1 | D4: 式 | F4: =F8 -> 0 | G4: 別紙 00-0012
A5: ｱﾝﾃﾅ 撤去 | B5: UHF20EL×2、VHF12EL×1 再使用しない 2段 | C5: 1 | D5: 組 | F5: =C5*E5 -> 0
A6: ｱﾝﾃﾅﾏｽﾄ 撤去 | B6: ﾍﾞｰｽ共 建物上 | C6: 1 | D6: 基 | F6: =C6*E6 -> 0
A7: ﾃﾚﾋﾞ機器収納盤 撤去 | B7: 600W×800H×150D 再使用しない | C7: 1 | D7: 面 | F7: =C7*E7 -> 0
A8: 計 | F8: =SUM(F5:F7) -> 0
A9: ｹｰﾌﾞﾙ撤去 | C9: 1 | D9: 式 | F9: =F11 -> 0 | G9: 別紙 00-0013
A10: 同軸ｹｰﾌﾞﾙ 撤去 | B10: 5C-FB 再使用しない | C10: 23 | D10: ｍ | F10: =C10*E10 -> 0
A11: 計 | F11: =SUM(F10:F10) -> 0

Sheet 63
A1: 電気設備工事 別紙明細 | G1: 63
A2: 待機宿舎
A3: 名称 | B3: 摘要 | C3: 数量 | D3: 単位 | E3: 単価 | F3: 金額 | G3: 備考
A4: 機器類撤去 | C4: 1 | D4: 式 | F4: =F9 -> 0 | G4: 別紙 00-0014
A5: 非常警報主装置 撤去 | B5: 5L 再使用しない | C5: 1 | D5: 面 | F5: =C5*E5 -> 0
A6: 発信機 撤去 | B6: 再使用しない | C6: 16 | D6: 個 | F6: =C6*E6 -> 0
A7: 表示灯 撤去 | B7: 再使用しない | C7: 16 | D7: 個 | F7: =C7*E7 -> 0
A8: ﾍﾞﾙ 撤去 | B8: 再使用しない | C8: 16 | D8: 個 | F8: =C8*E8 -> 0
A9: 計 | F9: =SUM(F5:F8) -> 0

Sheet 64
A1: 電気設備工事 別紙明細 | G1: 64
A2: 電気室・ﾎﾟﾝﾌﾟ室
A3: 名称 | B3: 摘要 | C3: 数量 | D3: 単位 | E3: 単価 | F3: 金額 | G3: 備考
A4: 盤類撤去 | C4: 1 | D4: 式 | F4: =F9 -> 0 | G4: 別紙 00-0015
A5: 電灯盤(L-0) 撤去 | B5: 屋内壁掛型 再使用しない | C5: 1 | D5: 面 | F5: =C5*E5 -> 0
A6: 動力盤(M-0) 撤去 | B6: 屋外壁掛型 再使用しない | C6: 1 | D6: 面 | F6: =C6*E6 -> 0
A7: 動力盤(M-1) 撤去 | B7: 屋内壁掛型 再使用しない | C7: 1 | D7: 面 | F7: =C7*E7 -> 0
A8: 接地端子盤 撤去 | B8: 屋内壁掛型 再使用しない | C8: 1 | D8: 面 | F8: =C8*E8 -> 0
A9: 計 | F9: =SUM(F5:F8) -> 0
A10: 照明器具撤去 | C10: 1 | D10: 式 | F10: =F12 -> 0 | G10: 別紙 00-0016
A11: 蛍光灯器具 撤去 | B11: 露出形 FL 20W ×1 | D11: 個 | F11: =C11*E11 -> 0
A12: 計 | F12: =SUM(F11:F11) -> 0

Sheet 65
A1: 電気設備工事 別紙明細 | G1: 65
A2: 電気室・ﾎﾟﾝﾌﾟ室
A3: 名称 | B3: 摘要 | C3: 数量 | D3: 単位 | E3: 単価 | F3: 金額 | G3: 備考
A4: 配線撤去 | C4: 1 | D4: 式 | F4: =F9 -> 0 | G4: 別紙 00-0017
A5: 600V絶縁電線 撤去 | B5: 1.6㎜ × 1本 再使用しない | C5: 9 | D5: ｍ | F5: =C5*E5 -> 0
A6: 600V絶縁電線 撤去 | B6: 5.5mm2 × 1本 再使用しない | C6: 26 | D6: ｍ | F6: =C6*E6 -> 0
A7: 600V絶縁電線 撤去 | B7: 30mm2 × 1本 再使用しない | C7: 15 | D7: ｍ | F7: =C7*E7 -> 0
A8: 600V絶縁電線 撤去 | B8: 325mm2 × 1本 再使用しない | C8: 15 | D8: ｍ | F8: =C8*E8 -> 0
A9: 計 | F9: =SUM(F5:F8) -> 0

Sheet 66
A1: 電気設備工事 別紙明細 | G1: 66
A2: 浄化槽・機械室
A3: 名称 | B3: 摘要 | C3: 数量 | D3: 単位 | E3: 単価 | F3: 金額 | G3: 備考
A4: 盤類撤去 | C4: 1 | D4: 式 | F4: =F7 -> 0 | G4: 別紙 00-0018
A5: 動力盤(M-2) 撤去 | B5: 屋内壁掛型 再使用しない | C5: 1 | D5: 面 | F5: =C5*E5 -> 0
A6: ﾌﾟﾙﾎﾞｯｸｽ 撤去 | B6: 300×300×200 再使用しない | C6: 1 | D6: 個 | F6: =C6*E6 -> 0
A7: 計 | F7: =SUM(F5:F6) -> 0
A8: 照明器具撤去 | C8: 1 | D8: 式 | F8: =F11 -> 0 | G8: 別紙 00-0019
A9: 白熱灯器具 撤去 | B9: ｼｰﾘﾝｸﾞﾗｲﾄ 再使用しない | C9: 4 | D9: 個 | F9: =C9*E9 -> 0
A10: 蛍光灯器具 撤去 | B10: 露出形 FL 40W ×1 | D10: 個 | F10: =C10*E10 -> 0
A11: 計 | F11: =SUM(F9:F10) -> 0

Sheet 67
A1: 電気設備工事 別紙明細 | G1: 67
A2: 屋外
A3: 名称 | B3: 摘要 | C3: 数量 | D3: 単位 | E3: 単価 | F3: 金額 | G3: 備考
A4: 配管、ｹｰﾌﾞﾙ撤去 | C4: 1 | D4: 式 | F4: =F8 -> 0 | G4: 別紙 00-0020
A5: 600VCVｹｰﾌﾞﾙ 撤去 | B5: 再使用しない | C5: 31 | D5: ｍ | F5: =C5*E5 -> 0
A6: 厚鋼電線管 撤去 | B6: (G22) 再使用しない | C6: 31 | D6: ｍ | F6: =C6*E6 -> 0
A7: 厚鋼電線管 撤去 | B7: (G104) 再使用しない | C7: 21 | D7: ｍ | F7: =C7*E7 -> 0
A8: 計 | F8: =SUM(F5:F7) -> 0

Sheet 68
A1: 機械設備工事 別紙明細 | G1: 68
A2: 屋外
A3: 名称 | B3: 摘要 | C3: 数量 | D3: 単位 | E3: 単価 | F3: 金額 | G3: 備考
A4: 機器類撤去 | C4: 1 | D4: 式 | F4: =F9 -> 0 | G4: 別紙 00-0022
A5: 受水槽 撤去 | B5: ｱﾙﾐﾊﾟﾈﾙ複合板 15m3 | D5: 台 | F5: =C5*E5 -> 0
A6: 高架水槽 撤去 | B6: ｱﾙﾐﾊﾟﾈﾙ複合板 6m3 | D6: 台 | F6: =C6*E6 -> 0
A7: 揚水ﾎﾟﾝﾌﾟ 撤去 | B7: 渦巻ﾎﾟﾝﾌﾟ 50A 2.2kw | D7: 台 | F7: =C7*E7 -> 0
A8: 換気扇 撤去 | B8: 再使用しない | C8: 1 | D8: 台 | F8: =C8*E8 -> 0
A9: 計 | F9: =SUM(F5:F8) -> 0
A10: 機器搬出費 | C10: 1 | D10: 式 | F10: =C10*E10 -> 0 | G10: 別紙 00-0023
A11: 搬出費(撤去用) | B11: 複数搬出 100㎏/m3未満 | C11: 1.2 | D11: ｔ | F11: =C11*E11 -> 0
A12: 搬出費 (揚重機除く) (撤去用) | B12: 0.5t | C12: 1 | D12: 式 | F12: =C12*E12 -> 0
A13: 搬出費 (揚重機除く) (撤去用) | B13: 0.2t | C13: 1 | D13: 式 | F13: =F14 -> 0
A14: 計 | F14: 0

Sheet 69
A1: 機械設備工事 別紙明細 | G1: 69
A2: 屋外
A3: 名称 | B3: 摘要 | C3: 数量 | D3: 単位 | E3: 単価 | F3: 金額 | G3: 備考
A4: 配管類撤去 | C4: 1 | D4: 式 | F4: =F18 -> 0 | G4: 別紙 00-0024
A5: 硬 質塩ﾋﾞﾗｲﾆﾝｸﾞ鋼 管 撤去 | B5: SGP-VA 100A 屋外配管 再使用しない | C5: 41 | D5: ｍ | F5: =C5*E5 -> 0
A6: 硬 質塩ﾋﾞﾗｲﾆﾝｸﾞ鋼 管 撤去 | B6: SGP-VA 50A 屋外配管 再使用しない | C6: 45 | D6: ｍ | F6: =C6*E6 -> 0
A7: 硬 質塩ﾋﾞﾗｲﾆﾝｸﾞ鋼 管 撤去 | B7: SGP-VA 50A 便所・機械室 再使用しない | C7: 8 | D7: ｍ | F7: =C7*E7 -> 0
A8: 硬 質塩ﾋﾞﾗｲﾆﾝｸﾞ鋼 管 撤去 | B8: SGP-VA 40A 地中配管 再使用しない | C8: 29 | D8: ｍ | F8: =C8*E8 -> 0
A9: 硬 質塩ﾋﾞﾗｲﾆﾝｸﾞ鋼 管 撤去 | B9: SGP-VA 40A 屋外配管 再使用しない | C9: 4 | D9: ｍ | F9: =C9*E9 -> 0
A10: 硬 質塩ﾋﾞﾗｲﾆﾝｸﾞ鋼 管 撤去 | B10: SGP-VA 20A 地中配管 再使用しない | C10: 11 | D10: ｍ | F10: =C10*E10 -> 0
A11: 硬 質塩ﾋﾞﾗｲﾆﾝｸﾞ鋼 管 撤去 | B11: SGP-VA 15A 屋外配管 再使用しない | C11: 4 | D11: ｍ | F11: =C11*E11 -> 0
A12: 硬 質ﾎﾟﾘ塩化ﾋﾞﾆﾙ 管 撤去 | B12: VP 50A 屋外配管 再使用 しない | C12: 1 | D12: ｍ | F12: =C12*E12 -> 0
A13: 硬 質ﾎﾟﾘ塩化ﾋﾞﾆﾙ 管 撤去 | B13: VP 100A 再使用し 地中配管 ない | C13: 14 | D13: ｍ | F13: =C13*E13 -> 0
A14: 硬 質ﾎﾟﾘ塩化ﾋﾞﾆﾙ 管 撤去 | B14: VP 125A 再使用し 地中配管 ない | C14: 46 | D14: ｍ | F14: =C14*E14 -> 0
A15: ｹﾞｰﾄ弁 撤去 | B15: 再使用しない | C15: 1 | D15: 個 | F15: =C15*E15 -> 0
A16: ﾌﾚｷｼﾌﾞﾙｼﾞｮｲﾝﾄ 撤去 | B16: 再使用しない | C16: 1 | D16: 個 | F16: =C16*E16 -> 0
A17: 散水栓（箱共） 撤去 | B17: 再使用しない | C17: 1 | D17: 個 | F17: =C17*E17 -> 0
A18: 計 | F18: =SUM(F5:F17) -> 0

Sheet 70
A1: 機械設備工事 別紙明細 | G1: 70
A2: 屋外
A3: 名称 | B3: 摘要 | C3: 数量 | D3: 単位 | E3: 単価 | F3: 金額 | G3: 備考
A4: 保温材撤去 | C4: 1 | D4: 式 | F4: =F10 -> 0 | G4: 別紙 00-0025
A5: 給水管 保温撤去 | B5: 屋外露出,浴室 ｶﾗｰ亜鉛鉄板 | C5: 41 | D5: ｍ | F5: =C5*E5 -> 0
A6: 給水管 保温撤去 | B6: 屋外露出,浴室 ｶﾗｰ亜鉛鉄板 | C6: 45 | D6: ｍ | F6: =C6*E6 -> 0
A7: 給水管 保温撤去 | B7: 機械室,書庫,倉庫 ｱﾙﾐｶﾞﾗｽ化粧原紙 | C7: 8 | D7: ｍ | F7: =C7*E7 -> 0
A8: 給水管 保温撤去 | B8: 屋外露出,浴室 ｶﾗｰ亜鉛鉄板 | C8: 4 | D8: ｍ | F8: =C8*E8 -> 0
A9: 給水管 保温撤去 | B9: 屋外露出,浴室 ｶﾗｰ亜鉛鉄板 | C9: 4 | D9: ｍ | F9: =C9*E9 -> 0
A10: 計 | F10: =SUM(F5:F9) -> 0
A11: 桝撤去 | C11: 1 | D11: 式 | F11: =F16 -> 0 | G11: 別紙 00-0026
A12: ｲﾝﾊﾞｰﾄ桝 撤去 | B12: 再使用しない | C12: 1 | D12: 基 | F12: =C12*E12 -> 0
A13: ｲﾝﾊﾞｰﾄ桝 撤去 | B13: 再使用しない | C13: 1 | D13: 基 | F13: =C13*E13 -> 0
A14: ｲﾝﾊﾞｰﾄ桝 撤去 | B14: 再使用しない | C14: 1 | D14: 基 | F14: =C14*E14 -> 0
A15: ｲﾝﾊﾞｰﾄ桝 撤去 | B15: 再使用しない | C15: 1 | D15: 基 | F15: =C15*E15 -> 0
A16: 計 | F16: =SUM(F12:F15) -> 0

Sheet 71
A1: 機械設備工事 別紙明細 | G1: 71
A2: 屋外
A3: 名称 | B3: 摘要 | C3: 数量 | D3: 単位 | E3: 単価 | F3: 金額 | G3: 備考
A4: 既設管切断費 | C4: 1 | D4: 式 | F4: =F7 -> 0 | G4: 別紙 00-0028
A5: 配管切断 (樹脂管類) ･手間のみ | B5: 配管切断 75A 保温無 | C5: 4 | D5: か所 | F5: =C5*E5 -> 0
A6: 配管切断 (樹脂管類) ･手間のみ | B6: 配管切断 100A 保温無 | C6: 8 | D6: か所 | F6: =C6*E6 -> 0
A7: 計 | F7: =SUM(F5:F6) -> 0
A8: 閉塞工事 | C8: 1 | D8: 式 | F8: =F13 -> 0 | G8: 別紙 00-0029
A9: 配管切断 (鋼管類) ･手間のみ | B9: 配管切断 40A 保温有 | C9: 1 | D9: か所 | F9: =C9*E9 -> 0
A10: 配管切断 (樹脂管類) ･手間のみ | B10: 配管切断 125A 保温無 | C10: 1 | D10: か所 | F10: =C10*E10 -> 0
A11: 給水管閉塞 | B11: ﾌﾟﾗｸﾞ止め 40A | C11: 1 | D11: か所 | F11: =C11*E11 -> 0
A12: 排水管閉塞 | B12: ｷｬｯﾌﾟ止め 125A | C12: 1 | D12: か所 | F12: =C12*E12 -> 0
A13: 計 | F13: =SUM(F9:F12) -> 0

Sheet 72
A1: 機械設備工事 別紙明細 | G1: 72
A2: 屋外
A3: 名称 | B3: 摘要 | C3: 数量 | D3: 単位 | E3: 単価 | F3: 金額 | G3: 備考
A4: ｶﾞｽ管撤去工事 | C4: 1 | D4: 式 | F4: =C4*E4 -> 0 | G4: 別紙 00-0030
A5: 基本工事費 | C5: 1 | D5: 式 | F5: =C5*E5 -> 0
A6: ﾏｲｺﾝﾒｰﾀｰ取外し | B6: 規格3 | C6: 12 | D6: 個 | F6: =C6*E6 -> 0
A7: ﾏｲｺﾝﾒｰﾀｰ取外し | B7: 規格4 | C7: 15 | D7: 個 | F7: =C7*E7 -> 0
A8: ﾏｲｺﾝﾒｰﾀｰ取外し | B8: 規格5 | C8: 3 | D8: 個 | F8: =C8*E8 -> 0
A9: ﾏｲｺﾝﾒｰﾀｰ取外し | B9: 規格6 | C9: 2 | D9: 個 | F9: =C9*E9 -> 0
A10: 埋設管 撤去 | B10: 再使用しない | C10: 14.5 | D10: ｍ | F10: =C10*E10 -> 0
A11: 埋設管 撤去 | B11: 再使用しない | C11: 59 | D11: ｍ | F11: =C11*E11 -> 0
A12: 機械掘削加算 | C12: 3 | D12: 日 | F12: =C12*E12 -> 0
A13: ｶﾞｽﾊﾟｰｼﾞ基本費 | C13: 1 | D13: 式 | F13: =F15 -> 0
A14: ｶﾞｽﾊﾟｰｼﾞ系統費 | C14: 4 | D14: か所 | F14: =C14*E14 -> 0
A15: 計 | F15: =SUM(F14:F14) -> 0

Sheet 73
A1: 機械設備工事 別紙明細 | G1: 73
A2: 宿舎
A3: 名称 | B3: 摘要 | C3: 数量 | D3: 単位 | E3: 単価 | F3: 金額 | G3: 備考
A4: 機器類撤去 | C4: 1 | D4: 式 | F4: =F15 -> 0 | G4: 別紙 00-0031
A5: 大便器撤去 | B5: ﾀﾝｸ式 再使用しない
A6: 手洗器撤去 | B6: 再使用しない | C6: 32 | D6: 組 | F6: =C6*E6 -> 0
A7: 化粧棚撤去 | B7: 陶器製 再使用しない | C7: 32 | D7: 個 | F7: =C7*E7 -> 0
A8: 鏡撤去 | B8: 再使用しない | C8: 32 | D8: 枚 | F8: =C8*E8 -> 0
A9: 横水栓 撤去 | B9: 再使用しない | C9: 64 | D9: 個 | F9: =C9*E9 -> 0
A10: 万能ﾎｰﾑ水栓 撤去 | B10: 再使用しない | C10: 32 | D10: 個 | F10: =C10*E10 -> 0
A11: ﾊﾞﾗﾝｽ釜 撤去 | B11: 再使用しない | C11: 32 | D11: 台 | F11: =C11*E11 -> 0
A12: 一口ｶﾞｽｺｯｸ | B12: 再使用しない | C12: 96 | D12: 個 | F12: =C12*E12 -> 0
A13: 瞬間湯沸器 撤去 | B13: 再使用しない | C13: 32 | D13: 台 | F13: =C13*E13 -> 0
A14: 換気扇 撤去 | B14: 再使用しない | C14: 32 | D14: 台 | F14: =C14*E14 -> 0
A15: 計 | F15: =SUM(F5:F14) -> 0

Sheet 74
A1: 機械設備工事 別紙明細 | G1: 74
A2: 宿舎
A3: 名称 | B3: 摘要 | C3: 数量 | D3: 単位 | E3: 単価 | F3: 金額 | G3: 備考
A4: 配管類撤去 | C4: 1 | D4: 式 | F4: =F9 -> 0 | G4: 別紙 00-0032
A5: 硬 質塩ﾋﾞﾗｲﾆﾝｸﾞ鋼 管 撤去 | B5: SGP-VA 50A PS内配管 再使用しない | C5: 55 | D5: ｍ | F5: =C5*E5 -> 0
A6: 硬 質ﾎﾟﾘ塩化ﾋﾞﾆﾙ 管 撤去 | B6: VP 75A 再使用 屋内一般配管 しない | C6: 51 | D6: ｍ | F6: =C6*E6 -> 0
A7: 硬 質ﾎﾟﾘ塩化ﾋﾞﾆﾙ 管 撤去 | B7: VP 100A 再使用し PS内配管 ない | C7: 70 | D7: ｍ | F7: =C7*E7 -> 0
A8: 配管用炭素鋼鋼管 （白）（ｶﾞｽ管） 撤去 | B8: 50A PS内配管 再使 用しない | C8: 43 | D8: ｍ | F8: =C8*E8 -> 0
A9: 計 | F9: =SUM(F5:F8) -> 0
A10: 保温材撤去 | C10: 1 | D10: 式 | F10: =F12 -> 0 | G10: 別紙 00-0033
A11: 給水管 保温撤去 | B11: 天井内,ﾊﾟｲﾌﾟｼｬﾌﾄ内 ｱﾙﾐｶﾞﾗｽｸﾛｽ | C11: 55 | D11: ｍ | F11: =C11*E11 -> 0
A12: 計 | F12: =SUM(F11:F11) -> 0

Sheet 75
A1: 機械設備工事 別紙明細 | G1: 75
A2: 宿舎
A3: 名称 | B3: 摘要 | C3: 数量 | D3: 単位 | E3: 単価 | F3: 金額 | G3: 備考
A4: 既設管切断費 | C4: 1 | D4: 式 | F4: =F12 -> 0 | G4: 別紙 00-0034
A5: 配管切断 (鋼管類) ･手間のみ | B5: 配管切断 25A 保温有 | C5: 32 | D5: か所 | F5: =C5*E5 -> 0
A6: 配管切断 (鋼管類) ･手間のみ | B6: 配管切断 50A 保温有 | C6: 7 | D6: か所 | F6: =C6*E6 -> 0
A7: 配管切断 (樹脂管類) ･手間のみ | B7: 配管切断 50A 保温無 | C7: 32 | D7: か所 | F7: =C7*E7 -> 0
A8: 配管切断 (樹脂管類) ･手間のみ | B8: 配管切断 75A 保温無 | C8: 8 | D8: か所 | F8: =C8*E8 -> 0
A9: 配管切断 (樹脂管類) ･手間のみ | B9: 配管切断 100A 保温無 | C9: 40 | D9: か所 | F9: =C9*E9 -> 0
A10: 配管切断 (鋼管類) ･手間のみ | B10: 配管切断 25A 保温無 | C10: 32 | D10: か所 | F10: =C10*E10 -> 0
A11: 配管切断 (鋼管類) ･手間のみ | B11: 配管切断 50A 保温無 | C11: 4 | D11: か所 | F11: =C11*E11 -> 0
A12: 計 | F12: =SUM(F5:F11) -> 0

Sheet 76
A1: 環境配慮工事 別紙明細 | G1: 76
A2: 環境配慮解体
A3: 名称 | B3: 摘要 | C3: 数量 | D3: 単位 | E3: 単価 | F3: 金額 | G3: 備考
A4: 吹付材、下地調整 材除去工事 | B4: 湿式集じん装置付きﾃﾞｨｽｸｸﾞﾗｲﾝﾀﾞｰｹ | C4: 1 | D4: 式 | F4: =C4*E4 -> 0 | G4: 別紙 00-0035
A5: 【仮設工事費】
A6: 機器資材 搬入・搬出 | B6: 4tﾕﾆｯｸ | C6: 6 | D6: 台 | F6: =C6*E6 -> 0
A7: 機械設置箇所 屋根囲い | C7: 1 | D7: か所 | F7: =C7*E7 -> 0
A8: 看板表示･ｶﾗｰｺｰﾝ 等 | C8: 1 | D8: 式 | F8: =F9 -> 0
A9: 小計 | F9: 0
A10: 【養生費】
A11: 壁養生 | B11: ﾌﾟﾗｽﾁｯｸｼｰﾄ張り0.1mm | C11: 1379 | D11: ㎡ | F11: =C11*E11 -> 0
A12: 作業床養生 | B12: ﾌﾟﾗｽﾁｯｸｼｰﾄ張り0.15mm 2重 | C12: 791 | D12: ㎡ | F12: =C12*E12 -> 0
A13: 天井養生 | B13: ﾌﾟﾗｽﾁｯｸｼｰﾄ張り0.1mm | C13: 113 | D13: ㎡ | F13: =C13*E13 -> 0
A14: 小計 | F14: =SUM(F10:F13) -> 0
A15: 【機器損料】
A16: 発電機 | B16: 45KVA 燃料共 | C16: 3 | D16: 月 | F16: =C16*E16 -> 0
A17: ｺﾝﾌﾟﾚｯｻｰ | B17: 7.5馬力 ｱﾌﾀｰｸｰﾗｰ付き燃料共 | C17: 3 | D17: 月 | F17: =C17*E17 -> 0

Sheet 77
A1: 環境配慮工事 別紙明細 | G1: 77
A2: 環境配慮解体
A3: 名称 | B3: 摘要 | C3: 数量 | D3: 単位 | E3: 単価 | F3: 金額 | G3: 備考
A4: 吹付材、下地調整 材除去工事 | B4: 湿式集じん装置付きﾃﾞｨｽｸｸﾞﾗｲﾝﾀﾞｰｹ | C4: 1 | D4: 式 | F4: =F5 -> 0 | G4: 別紙 00-0035
A5: 小計 | F5: 0
A6: 【保護具等 消耗品費】
A7: 保護衣・ﾏｽｸ等 | C7: 3042 | D7: ㎡ | F7: =C7*E7 -> 0
A8: 各種ﾌｨﾙﾀｰ類 | C8: 3042 | D8: ㎡ | F8: =C8*E8 -> 0
A9: 小計 | F9: =SUM(F6:F8) -> 0
A10: 【石綿除去費】
A11: 除去工事 (外壁・軒天) 下地調整材共 | B11: 湿式集じん装置付きﾃﾞｨｽｸｸﾞﾗﾝﾀﾞｰｹﾚ ﾝ工法 | C11: 2684 | D11: ㎡ | F11: =C11*E11 -> 0
A12: 除去工事 (内壁) 下地調整材共 | B12: 湿式集じん装置付きﾃﾞｨｽｸｸﾞﾗﾝﾀﾞｰｹﾚ ﾝ工法 | C12: 854 | D12: ㎡ | F12: =C12*E12 -> 0
A13: 小計 | F13: =SUM(F10:F12) -> 0
A14: 【廃棄物処理費】
A15: 袋詰め | C15: 25 | D15: ｍ3 | F15: =C15*E15 -> 0
A16: 特別管理型 産業廃棄物運搬費 | B16: 6t車 | C16: 4 | D16: 台 | F16: =C16*E16 -> 0
A17: 小計 | F17: =SUM(F14:F16) -> 0

Sheet 78
A1: 環境配慮工事 別紙明細 | G1: 78
A2: 環境配慮解体
A3: 名称 | B3: 摘要 | C3: 数量 | D3: 単位 | E3: 単価 | F3: 金額 | G3: 備考
A4: 吹付材、下地調整 材除去工事 | B4: 湿式集じん装置付きﾃﾞｨｽｸｸﾞﾗｲﾝﾀﾞｰｹ | C4: 1 | D4: 式 | F4: =F6 -> 0 | G4: 別紙 00-0035
A5: 【書類作成費】
A6: 計画書類作成費 | C6: 1 | D6: 式 | F6: =SUM(F5:F5) -> 0
A7: 工事報告書作成費 | C7: 1 | D7: 式 | F7: =F8 -> 0
A8: 小計 | F8: 0
A9: 【石綿作業 主任者】
A10: 石綿作業主任者 | C10: 1.5 | D10: 月 | F10: =C10*E10 -> 0
A11: 小計 | F11: =SUM(F9:F10) -> 0
A12: 計

Sheet 79
A1: 共通仮設費(積上) 明細 | G1: 79
A3: 名称 | B3: 摘要 | C3: 数量 | D3: 単位 | E3: 単価 | F3: 金額 | G3: 備考
A4: 成形鋼板塀 | B4: ｶﾗｰ H=3000 買取 | C4: 94.2 | D4: ｍ | F4: =C4*E4 -> 0
A5: 養生ｼｰﾄ張り | B5: 成型鋼板塀（買取）へｼｰﾄ掛け | C5: 1 | D5: 式 | F5: ='80'!F4 -> 0 | G5: 別紙 00-0036
A6: 仮囲い | B6: 仮囲い鉄板 H=3000 | C6: 210 | D6: ｍ | F6: =C6*E6 -> 0
A7: 仮設物費 | B7: 養生敷き鉄板 | C7: 1 | D7: 式 | F7: ='80'!F7 -> 0 | G7: 別紙 00-0037
A8: 安全管理・合図等 の要因 | C8: 1 | D8: 式 | F8: ='80'!F10 -> 0 | G8: 別紙 00-0038
A9: とりこわし機械 運搬 | C9: 1 | D9: 式 | F9: ='80'!F13 -> 0 | G9: 別紙 00-0039
A10: 土工機械運搬 | C10: 1 | D10: 式 | F10: ='81'!F4 -> 0 | G10: 別紙 00-0040
A11: 楊重費 | C11: 1 | D11: 式 | F11: ='81'!F7 -> 0 | G11: 別紙 00-0041
A12: 計 | F12: =SUM(F4:F11) -> 0

Sheet 80
A1: 共通仮設費(積上) 共通費別紙明細 | G1: 80
A3: 名称 | B3: 摘要 | C3: 数量 | D3: 単位 | E3: 単価 | F3: 金額 | G3: 備考
A4: 養生ｼｰﾄ張り | B4: 成型鋼板塀（買取）へｼｰﾄ掛け | C4: 1 | D4: 式 | F4: =F6 -> 0 | G4: 別紙 00-0036
A5: 養生ｼｰﾄ張り | B5: 掛払い・賃料・基本料・運搬共 | C5: 186 | D5: ㎡ | F5: =C5*E5 -> 0
A6: 計 | F6: =SUM(F5:F5) -> 0
A7: 仮設物費 | B7: 養生敷き鉄板 | C7: 1 | D7: 式 | F7: =F9 -> 0 | G7: 別紙 00-0037
A8: 仮設鉄板敷 | B8: 掛払い・ 賃料・整備費・運搬共 | C8: 18 | D8: ㎡ | F8: =C8*E8 -> 0
A9: 計 | F9: =SUM(F8:F8) -> 0
A10: 安全管理・合図等 の要因 | C10: 1 | D10: 式 | F10: =F12 -> 0 | G10: 別紙 00-0038
A11: 交通誘導警備員Ｂ | C11: 135 | D11: 人日 | F11: =C11*E11 -> 0
A12: 計 | F12: =SUM(F11:F11) -> 0
A13: とりこわし機械 運搬 | C13: 1 | D13: 式 | F13: =F15 -> 0 | G13: 別紙 00-0039
A14: とりこわし機械 運搬 (ﾍﾞｰｽﾏｼﾝ,ﾊﾞｯｸﾎｳ) | B14: 排出ｶﾞｽ対策型 油圧式ｸﾛｰﾗ型0.8m3 | C14: 2 | D14: 往復 | F14: =C14*E14 -> 0
A15: 計 | F15: =SUM(F14:F14) -> 0

Sheet 81
A1: 共通仮設費(積上) 共通費別紙明細 | G1: 81
A3: 名称 | B3: 摘要 | C3: 数量 | D3: 単位 | E3: 単価 | F3: 金額 | G3: 備考
A4: 土工機械運搬 | C4: 1 | D4: 式 | F4: =F6 -> 0 | G4: 別紙 00-0040
A5: 土工機械運搬 | B5: 根切り、埋戻し - | C5: 2 | D5: 往復 | F5: =C5*E5 -> 0
A6: 計 | F6: =SUM(F5:F5) -> 0
A7: 楊重費 | C7: 1 | D7: 式 | F7: =C7*E7 -> 0 | G7: 別紙 00-0041
